2025951,10-12-2025,johndoe@gmail.com,Doe,John,1
2025952,10-12-2025,marysmith@gmail.com,Smith,Mary,1
2025953,10-13-2025,mikejones@gmail.com,Jones,Mike,
2025961,10-13-2025,mariagomez@gmail.com,Gomes,Maria,
2025962,10-14-2025,jessiejames@gmail.com,James,Jessie,
2025971,10-14-2025,johnytaylor@gmail.com,Taylor,James,
2025972,10-15-2025,luislopez@gmail.com,Lopez,Luis,
2025973,10-15-2025,lornawayne@gmail.com,Wayne,Lorna,
2025974,10-16-2025,batman@gmail.com,Man,Bat,
2025975,10-17-2025,helloworldn@gmail.com,World,Hello,
2025976,10-18-2025,newapp@gmail.com,App,New,